THP,Max_Power
323.15,1.3903253641686868e-07
373.15,1.0911692386677765e-06
423.15,3.763094315891519e-06
473.15,8.93545656125542e-06
523.15,1.75907520214704e-05
573.15,3.126862887678369e-05
623.15,5.070606531910595e-05
673.15,7.447912140316167e-05
723.15,9.991482494858638e-05
773.15,0.00012440144743159577
